<?xml version="1.0" encoding="utf-8" ?><dwsync><file name="Particle0.png" server="ftp.schah.online" local="3697418078" remote="3697393860" Dst="-1" /><file name="InfoArea0.png" server="ftp.schah.online" local="3697418149" remote="3697393860" Dst="-1" /><file name="FG_logo_2015_SMALL1.png" server="ftp.schah.online" local="3697418206" remote="3697393860" Dst="-1" /><file name="LevelSelectBackground0.png" server="ftp.schah.online" local="3697418095" remote="3697393860" Dst="-1" /><file name="FG_logo_2015_SMALL0.png" server="ftp.schah.online" local="3697418218" remote="3697393860" Dst="-1" /><file name="TitleScreenBackground0.png" server="ftp.schah.online" local="3697417847" remote="3697393860" Dst="-1" /><file name="FG_logo_2015_SMALL2.png" server="ftp.schah.online" local="3697418194" remote="3697393860" Dst="-1" /><file name="Road0.png" server="ftp.schah.online" local="3697417891" remote="3697393860" Dst="-1" /></dwsync>