{"frames": [

{
	"filename": "Explosion0_000",
	"frame": {"x":1010,"y":2,"w":3,"h":3},
	"rotated": false,
	"trimmed": true,
	"spriteSourceSize": {"x":0,"y":0,"w":3,"h":3},
	"sourceSize": {"w":298,"h":281}
},
{
	"filename": "Explosion0_001",
	"frame": {"x":884,"y":2,"w":124,"h":133},
	"rotated": false,
	"trimmed": true,
	"spriteSourceSize": {"x":87,"y":74,"w":124,"h":133},
	"sourceSize": {"w":298,"h":281}
},
{
	"filename": "Explosion0_002",
	"frame": {"x":815,"y":900,"w":176,"h":170},
	"rotated": false,
	"trimmed": true,
	"spriteSourceSize": {"x":61,"y":56,"w":176,"h":170},
	"sourceSize": {"w":298,"h":281}
},
{
	"filename": "Explosion0_003",
	"frame": {"x":818,"y":725,"w":176,"h":173},
	"rotated": false,
	"trimmed": true,
	"spriteSourceSize": {"x":61,"y":54,"w":176,"h":173},
	"sourceSize": {"w":298,"h":281}
},
{
	"filename": "Explosion0_004",
	"frame": {"x":818,"y":548,"w":176,"h":175},
	"rotated": false,
	"trimmed": true,
	"spriteSourceSize": {"x":61,"y":53,"w":176,"h":175},
	"sourceSize": {"w":298,"h":281}
},
{
	"filename": "Explosion0_005",
	"frame": {"x":799,"y":1277,"w":170,"h":167},
	"rotated": false,
	"trimmed": true,
	"spriteSourceSize": {"x":64,"y":57,"w":170,"h":167},
	"sourceSize": {"w":298,"h":281}
},
{
	"filename": "Explosion0_006",
	"frame": {"x":799,"y":1072,"w":209,"h":203},
	"rotated": false,
	"trimmed": true,
	"spriteSourceSize": {"x":45,"y":39,"w":209,"h":203},
	"sourceSize": {"w":298,"h":281}
},
{
	"filename": "Explosion0_007",
	"frame": {"x":487,"y":1743,"w":224,"h":223},
	"rotated": false,
	"trimmed": true,
	"spriteSourceSize": {"x":37,"y":29,"w":224,"h":223},
	"sourceSize": {"w":298,"h":281}
},
{
	"filename": "Explosion0_008",
	"frame": {"x":738,"y":1446,"w":232,"h":225},
	"rotated": false,
	"trimmed": true,
	"spriteSourceSize": {"x":33,"y":28,"w":232,"h":225},
	"sourceSize": {"w":298,"h":281}
},
{
	"filename": "Explosion0_009",
	"frame": {"x":500,"y":1294,"w":236,"h":224},
	"rotated": false,
	"trimmed": true,
	"spriteSourceSize": {"x":31,"y":29,"w":236,"h":224},
	"sourceSize": {"w":298,"h":281}
},
{
	"filename": "Explosion0_010",
	"frame": {"x":252,"y":1683,"w":233,"h":230},
	"rotated": false,
	"trimmed": true,
	"spriteSourceSize": {"x":33,"y":26,"w":233,"h":230},
	"sourceSize": {"w":298,"h":281}
},
{
	"filename": "Explosion0_011",
	"frame": {"x":734,"y":1673,"w":226,"h":220},
	"rotated": false,
	"trimmed": true,
	"spriteSourceSize": {"x":36,"y":31,"w":226,"h":220},
	"sourceSize": {"w":298,"h":281}
},
{
	"filename": "Explosion0_012",
	"frame": {"x":500,"y":1520,"w":232,"h":221},
	"rotated": false,
	"trimmed": true,
	"spriteSourceSize": {"x":33,"y":30,"w":232,"h":221},
	"sourceSize": {"w":298,"h":281}
},
{
	"filename": "Explosion0_013",
	"frame": {"x":254,"y":1446,"w":244,"h":229},
	"rotated": false,
	"trimmed": true,
	"spriteSourceSize": {"x":27,"y":26,"w":244,"h":229},
	"sourceSize": {"w":298,"h":281}
},
{
	"filename": "Explosion0_014",
	"frame": {"x":2,"y":1683,"w":248,"h":233},
	"rotated": false,
	"trimmed": true,
	"spriteSourceSize": {"x":25,"y":24,"w":248,"h":233},
	"sourceSize": {"w":298,"h":281}
},
{
	"filename": "Explosion0_015",
	"frame": {"x":2,"y":1446,"w":250,"h":235},
	"rotated": false,
	"trimmed": true,
	"spriteSourceSize": {"x":24,"y":23,"w":250,"h":235},
	"sourceSize": {"w":298,"h":281}
},
{
	"filename": "Explosion0_016",
	"frame": {"x":2,"y":1055,"w":252,"h":237},
	"rotated": false,
	"trimmed": true,
	"spriteSourceSize": {"x":23,"y":22,"w":252,"h":237},
	"sourceSize": {"w":298,"h":281}
},
{
	"filename": "Explosion0_017",
	"frame": {"x":262,"y":1053,"w":254,"h":239},
	"rotated": false,
	"trimmed": true,
	"spriteSourceSize": {"x":22,"y":21,"w":254,"h":239},
	"sourceSize": {"w":298,"h":281}
},
{
	"filename": "Explosion0_018",
	"frame": {"x":541,"y":1051,"w":256,"h":241},
	"rotated": false,
	"trimmed": true,
	"spriteSourceSize": {"x":21,"y":20,"w":256,"h":241},
	"sourceSize": {"w":298,"h":281}
},
{
	"filename": "Explosion0_019",
	"frame": {"x":2,"y":809,"w":258,"h":244},
	"rotated": false,
	"trimmed": true,
	"spriteSourceSize": {"x":20,"y":19,"w":258,"h":244},
	"sourceSize": {"w":298,"h":281}
},
{
	"filename": "Explosion0_020",
	"frame": {"x":278,"y":805,"w":261,"h":246},
	"rotated": false,
	"trimmed": true,
	"spriteSourceSize": {"x":19,"y":18,"w":261,"h":246},
	"sourceSize": {"w":298,"h":281}
},
{
	"filename": "Explosion0_021",
	"frame": {"x":550,"y":801,"w":263,"h":248},
	"rotated": false,
	"trimmed": true,
	"spriteSourceSize": {"x":18,"y":17,"w":263,"h":248},
	"sourceSize": {"w":298,"h":281}
},
{
	"filename": "Explosion0_022",
	"frame": {"x":550,"y":548,"w":266,"h":251},
	"rotated": false,
	"trimmed": true,
	"spriteSourceSize": {"x":16,"y":15,"w":266,"h":251},
	"sourceSize": {"w":298,"h":281}
},
{
	"filename": "Explosion0_023",
	"frame": {"x":278,"y":548,"w":270,"h":255},
	"rotated": false,
	"trimmed": true,
	"spriteSourceSize": {"x":14,"y":13,"w":270,"h":255},
	"sourceSize": {"w":298,"h":281}
},
{
	"filename": "Explosion0_024",
	"frame": {"x":2,"y":548,"w":274,"h":259},
	"rotated": false,
	"trimmed": true,
	"spriteSourceSize": {"x":12,"y":11,"w":274,"h":259},
	"sourceSize": {"w":298,"h":281}
},
{
	"filename": "Explosion0_025",
	"frame": {"x":2,"y":283,"w":278,"h":263},
	"rotated": false,
	"trimmed": true,
	"spriteSourceSize": {"x":10,"y":9,"w":278,"h":263},
	"sourceSize": {"w":298,"h":281}
},
{
	"filename": "Explosion0_026",
	"frame": {"x":300,"y":280,"w":280,"h":266},
	"rotated": false,
	"trimmed": true,
	"spriteSourceSize": {"x":9,"y":8,"w":280,"h":266},
	"sourceSize": {"w":298,"h":281}
},
{
	"filename": "Explosion0_027",
	"frame": {"x":594,"y":277,"w":284,"h":269},
	"rotated": false,
	"trimmed": true,
	"spriteSourceSize": {"x":7,"y":6,"w":284,"h":269},
	"sourceSize": {"w":298,"h":281}
},
{
	"filename": "Explosion0_028",
	"frame": {"x":594,"y":2,"w":288,"h":273},
	"rotated": false,
	"trimmed": true,
	"spriteSourceSize": {"x":5,"y":4,"w":288,"h":273},
	"sourceSize": {"w":298,"h":281}
},
{
	"filename": "Explosion0_029",
	"frame": {"x":300,"y":2,"w":292,"h":276},
	"rotated": false,
	"trimmed": true,
	"spriteSourceSize": {"x":3,"y":3,"w":292,"h":276},
	"sourceSize": {"w":298,"h":281}
},
{
	"filename": "Explosion0_030",
	"frame": {"x":2,"y":2,"w":296,"h":279},
	"rotated": false,
	"trimmed": true,
	"spriteSourceSize": {"x":1,"y":1,"w":296,"h":279},
	"sourceSize": {"w":298,"h":281}
}],
"meta": {
	"app": "http://www.codeandweb.com/texturepacker",
	"version": "1.0",
	"image": "RaceExplosionSheet0.png",
	"format": "RGBA4444",
	"size": {"w":1024,"h":2048},
	"scale": "1",
	"smartupdate": "$TexturePacker:SmartUpdate:f6a6d101cb94afbc74eae9db142314ca:a15afc3fd9a79ad9c1c839e956ae3642:11c88ed188d6a2bbc9792d2444b03829$"
}
}
