<?xml version="1.0" encoding="utf-8" ?><dwsync><file name="TrafficChangeTrack2.mp3" server="ftp.schah.online" local="3697418319" remote="3697393800" Dst="-1" /><file name="RaceClick0.mp3" server="ftp.schah.online" local="3697418541" remote="3697393800" Dst="-1" /><file name="TrafficChangeTrack1.mp3" server="ftp.schah.online" local="3697418350" remote="3697393800" Dst="-1" /><file name="WinScreenStar0.ogg" server="ftp.schah.online" local="3697418237" remote="3697393800" Dst="-1" /><file name="TrafficChangeTrack0.mp3" server="ftp.schah.online" local="3697418372" remote="3697393800" Dst="-1" /><file name="RaceTitleMusic0.ogg" server="ftp.schah.online" local="3697418453" remote="3697393800" Dst="-1" /><file name="RaceClickBack0.mp3" server="ftp.schah.online" local="3697418531" remote="3697393800" Dst="-1" /><file name="ConfettiPop0.ogg" server="ftp.schah.online" local="3697418603" remote="3697393800" Dst="-1" /><file name="RaceGameplayMusic0.ogg" server="ftp.schah.online" local="3697418481" remote="3697393800" Dst="-1" /><file name="CarRev0.mp3" server="ftp.schah.online" local="3697418693" remote="3697393800" Dst="-1" /><file name="CarVictoryPass0.ogg" server="ftp.schah.online" local="3697418627" remote="3697393800" Dst="-1" /><file name="TimerTickRespawnGo0.ogg" server="ftp.schah.online" local="3697418392" remote="3697393800" Dst="-1" /><file name="RaceClickLevelSelect0.mp3" server="ftp.schah.online" local="3697418509" remote="3697393800" Dst="-1" /><file name="RaceVictoryTuneLevelComplete0.mp3" server="ftp.schah.online" local="3697418423" remote="3697393800" Dst="-1" /><file name="CarRevShort0.mp3" server="ftp.schah.online" local="3697418653" remote="3697393800" Dst="-1" /><file name="RaceDefeatLevelGameOver0.mp3" server="ftp.schah.online" local="3697418499" remote="3697393800" Dst="-1" /><file name="CarPass0.mp3" server="ftp.schah.online" local="3697418765" remote="3697393800" Dst="-1" /><file name="CarBump1.mp3" server="ftp.schah.online" local="3697418798" remote="3697393800" Dst="-1" /><file name="CarBump0.mp3" server="ftp.schah.online" local="3697418808" remote="3697393800" Dst="-1" /><file name="CarPass1.mp3" server="ftp.schah.online" local="3697418741" remote="3697393800" Dst="-1" /><file name="CarBump2.mp3" server="ftp.schah.online" local="3697418775" remote="3697393800" Dst="-1" /><file name="CarPass3.mp3" server="ftp.schah.online" local="3697418706" remote="3697393800" Dst="-1" /><file name="TimerTickRespawnGo0.mp3" server="ftp.schah.online" local="3697418385" remote="3697393800" Dst="-1" /><file name="CarPass2.mp3" server="ftp.schah.online" local="3697418732" remote="3697393800" Dst="-1" /><file name="RailScrape0.ogg" server="ftp.schah.online" local="3697418405" remote="3697393800" Dst="-1" /><file name="RaceClickLevelSelect0.ogg" server="ftp.schah.online" local="3697418515" remote="3697393800" Dst="-1" /><file name="ConfettiPop0.mp3" server="ftp.schah.online" local="3697418594" remote="3697393800" Dst="-1" /><file name="CarVictoryPass0.mp3" server="ftp.schah.online" local="3697418633" remote="3697393800" Dst="-1" /><file name="RaceClick0.ogg" server="ftp.schah.online" local="3697418548" remote="3697393800" Dst="-1" /><file name="CarRev0.ogg" server="ftp.schah.online" local="3697418682" remote="3697393800" Dst="-1" /><file name="TrafficChangeTrack0.ogg" server="ftp.schah.online" local="3697418366" remote="3697393800" Dst="-1" /><file name="TrafficChangeTrack1.ogg" server="ftp.schah.online" local="3697418357" remote="3697393800" Dst="-1" /><file name="WinScreenStar0.mp3" server="ftp.schah.online" local="3697418331" remote="3697393800" Dst="-1" /><file name="TrafficChangeTrack2.ogg" server="ftp.schah.online" local="3697418254" remote="3697393860" Dst="-1" /><file name="RaceClickBack0.ogg" server="ftp.schah.online" local="3697418524" remote="3697393860" Dst="-1" /><file name="RaceGameplayMusic0.mp3" server="ftp.schah.online" local="3697418473" remote="3697393860" Dst="-1" /><file name="CarPass3.ogg" server="ftp.schah.online" local="3697418713" remote="3697393860" Dst="-1" /><file name="CarBump2.ogg" server="ftp.schah.online" local="3697418781" remote="3697393860" Dst="-1" /><file name="CarPass2.ogg" server="ftp.schah.online" local="3697418726" remote="3697393860" Dst="-1" /><file name="RailScrape0.mp3" server="ftp.schah.online" local="3697418412" remote="3697393860" Dst="-1" /><file name="CarPass0.ogg" server="ftp.schah.online" local="3697418757" remote="3697393860" Dst="-1" /><file name="CarBump0.ogg" server="ftp.schah.online" local="3697418815" remote="3697393860" Dst="-1" /><file name="RaceTitleMusic0.mp3" server="ftp.schah.online" local="3697418463" remote="3697393860" Dst="-1" /><file name="CarBump1.ogg" server="ftp.schah.online" local="3697418792" remote="3697393860" Dst="-1" /><file name="CarPass1.ogg" server="ftp.schah.online" local="3697418747" remote="3697393860" Dst="-1" /><file name="CarRevShort0.ogg" server="ftp.schah.online" local="3697418660" remote="3697393860" Dst="-1" /><file name="RaceDefeatLevelGameOver0.ogg" server="ftp.schah.online" local="3697418492" remote="3697393860" Dst="-1" /><file name="RaceVictoryTuneLevelComplete0.ogg" server="ftp.schah.online" local="3697418431" remote="3697393860" Dst="-1" /></dwsync>