<?xml version="1.0" encoding="utf-8" ?><dwsync><file name="CarSheet0.json" server="ftp.schah.online" local="3697417793" remote="3697393800" Dst="-1" /><file name="Sheet1.png" server="ftp.schah.online" local="3697417397" remote="3697393800" Dst="-1" /><file name="LevelButtonCars0.png" server="ftp.schah.online" local="3697417631" remote="3697393800" Dst="-1" /><file name="Sheet1.json" server="ftp.schah.online" local="3697417377" remote="3697393800" Dst="-1" /><file name="StarSheet0.png" server="ftp.schah.online" local="3697417333" remote="3697393800" Dst="-1" /><file name="RaceExplosionSheet0.png" server="ftp.schah.online" local="3697417619" remote="3697393800" Dst="-1" /><file name="Sheet0.png" server="ftp.schah.online" local="3697417416" remote="3697393800" Dst="-1" /><file name="Sheet0.json" server="ftp.schah.online" local="3697417447" remote="3697393800" Dst="-1" /><file name="RaceExplosionSheet0.json" server="ftp.schah.online" local="3697417605" remote="3697393800" Dst="-1" /><file name="CarSheet0.png" server="ftp.schah.online" local="3697417772" remote="3697393800" Dst="-1" /><file name="LevelButtonCars0.json" server="ftp.schah.online" local="3697417702" remote="3697393800" Dst="-1" /><file name="DamageHeart0.json" server="ftp.schah.online" local="3697417716" remote="3697393800" Dst="-1" /><file name="RoadSheet0.png" server="ftp.schah.online" local="3697417521" remote="3697393800" Dst="-1" /><file name="ConfettiSheet0.json" server="ftp.schah.online" local="3697417746" remote="3697393800" Dst="-1" /><file name="StarSheet0.json" server="ftp.schah.online" local="3697417311" remote="3697393800" Dst="-1" /><file name="RoadSheet1.png" server="ftp.schah.online" local="3697417504" remote="3697393800" Dst="-1" /><file name="ConfettiSheet0.png" server="ftp.schah.online" local="3697417754" remote="3697393800" Dst="-1" /><file name="RoadSheet0.json" server="ftp.schah.online" local="3697417551" remote="3697393800" Dst="-1" /><file name="RoadSheet1.json" server="ftp.schah.online" local="3697417491" remote="3697393800" Dst="-1" /><file name="DamageHeart0.png" server="ftp.schah.online" local="3697417685" remote="3697393800" Dst="-1" /></dwsync>